timestamp,datetime,level,source
1736413140,2025-01-09 05:59:00,0.5600000023841858,API
1736434860,2025-01-09 12:01:00,1.6200000047683716,API
1736457900,2025-01-09 18:25:00,0.479999989271164,API
1736479860,2025-01-10 00:31:00,1.7100000381469727,API
1736503440,2025-01-10 07:04:00,0.509999990463257,API
1736525040,2025-01-10 13:04:00,1.7000000476837158,API
1736548140,2025-01-10 19:29:00,0.36000001430511475,API
1736570280,2025-01-11 01:38:00,1.7699999809265137,API
1736593260,2025-01-11 08:01:00,0.41999998688697815,API
1736614740,2025-01-11 13:59:00,1.809999942779541,API
1736637900,2025-01-11 20:25:00,0.23000000417232513,API
1736660040,2025-01-12 02:34:00,1.840000033378601,API
1736682540,2025-01-12 08:49:00,0.3499999940395355,API
1736704020,2025-01-12 14:47:00,1.909999966621399,API
1736727240,2025-01-12 21:14:00,0.12999999523162842,API
1736749140,2025-01-13 03:19:00,1.899999976158142,API
1736771460,2025-01-13 09:31:00,0.28999999165534973,API
1736793060,2025-01-13 15:31:00,1.9900000095367432,API
1736816340,2025-01-13 21:59:00,0.07999999821186066,API
1736838120,2025-01-14 04:02:00,1.940000057220459,API
1736860200,2025-01-14 10:10:00,0.25999999046325684,API
1736881800,2025-01-14 16:10:00,2.0399999618530273,API
1736905080,2025-01-14 22:38:00,0.07999999821186066,API
1736926920,2025-01-15 04:42:00,1.940000057220459,API
1736948820,2025-01-15 10:47:00,0.270000010728836,API
1736970660,2025-01-15 16:51:00,2.0399999618530273,API
1736993640,2025-01-15 23:14:00,0.12999999523162842,API
1737015360,2025-01-16 05:16:00,1.9199999570846558,API
1737037140,2025-01-16 11:19:00,0.3199999928474426,API
1737059220,2025-01-16 17:27:00,2.009999990463257,API
1737082140,2025-01-16 23:49:00,0.20999999344348907,API
1737103860,2025-01-17 05:51:00,1.8700000047683716,API
1737125580,2025-01-17 11:53:00,0.38999998569488525,API
1737147720,2025-01-17 18:02:00,1.9500000476837158,API
1737170460,2025-01-18 00:21:00,0.3199999928474426,API
1737192300,2025-01-18 06:25:00,1.7999999523162842,API
1737213780,2025-01-18 12:23:00,0.4699999988079071,API
1737236400,2025-01-18 18:40:00,1.850000023841858,API
1737258900,2025-01-19 00:55:00,0.4399999976158142,API
1737280920,2025-01-19 07:02:00,1.7100000381469727,API
1737302460,2025-01-19 13:01:00,0.5699999928474426,API
1737325020,2025-01-19 19:17:00,1.75,API
1737347640,2025-01-20 01:34:00,0.5600000023841858,API
1737369720,2025-01-20 07:42:00,1.6100000143051147,API
1737391320,2025-01-20 13:42:00,0.6700000166893005,API
1737414120,2025-01-20 20:02:00,1.6399999856948853,API
1737436620,2025-01-21 02:17:00,0.6800000071525574,API
1737459060,2025-01-21 08:31:00,1.5199999809265137,API
1737481320,2025-01-21 14:42:00,0.75,API
1737503940,2025-01-21 20:59:00,1.5299999713897705,API
1737526980,2025-01-22 03:23:00,0.759999990463257,API
1737549060,2025-01-22 09:31:00,1.440000057220459,API
1737572100,2025-01-22 15:55:00,0.790000021457672,API
1737594480,2025-01-22 22:08:00,1.4500000476837158,API
1737618000,2025-01-23 04:40:00,0.800000011920929,API
1737640380,2025-01-23 10:53:00,1.4199999570846558,API
1737663240,2025-01-23 17:14:00,0.759999990463257,API
1737686160,2025-01-23 23:36:00,1.440000057220459,API
1737709440,2025-01-24 06:04:00,0.759999990463257,API
1737731040,2025-01-24 12:04:00,1.4700000286102295,API
1737754320,2025-01-24 18:32:00,0.6700000166893005,API
1737777060,2025-01-25 00:51:00,1.5099999904632568,API
1737799560,2025-01-25 07:06:00,0.6700000166893005,API
1737820920,2025-01-25 13:02:00,1.5700000524520874,API
1737843900,2025-01-25 19:25:00,0.5299999713897705,API
1737866760,2025-01-26 01:46:00,1.6200000047683716,API
1737888900,2025-01-26 07:55:00,0.550000011920929,API
1737910260,2025-01-26 13:51:00,1.7000000476837158,API
1737933240,2025-01-26 20:14:00,0.38999998569488525,API
1737955860,2025-01-27 02:31:00,1.75,API
1737977640,2025-01-27 08:34:00,0.4300000071525574,API
1737999060,2025-01-27 14:31:00,1.840000033378601,API
1738022100,2025-01-27 20:55:00,0.25,API
1738044480,2025-01-28 03:08:00,1.8799999952316284,API
1738066440,2025-01-28 09:14:00,0.33000001311302185,API
1738087800,2025-01-28 15:10:00,1.9800000190734863,API
1738110840,2025-01-28 21:34:00,0.12999999523162842,API
1738133220,2025-01-29 03:47:00,1.9900000095367432,API
1738155180,2025-01-29 09:53:00,0.239999994635582,API
1738176780,2025-01-29 15:53:00,2.109999895095825,API
1738199640,2025-01-29 22:14:00,0.05000000074505806,API
1738221900,2025-01-30 04:25:00,2.069999933242798,API
1738243740,2025-01-30 10:29:00,0.1899999976158142,API
1738265460,2025-01-30 16:31:00,2.200000047683716,API
1738288620,2025-01-30 22:57:00,0.00999999977648258,API
1738310520,2025-01-31 05:02:00,2.0999999046325684,API
1738332480,2025-01-31 11:08:00,0.17000000178813934,API
1738354440,2025-01-31 17:14:00,2.240000009536743,API
1738377360,2025-01-31 23:36:00,0.03999999910593033,API
1738399320,2025-02-01 05:42:00,2.0799999237060547,API
1738421220,2025-02-01 11:47:00,0.20000000298023224,API
1738443420,2025-02-01 17:57:00,2.22000002861023,API
1738466160,2025-02-02 00:16:00,0.12999999523162842,API
1738488180,2025-02-02 06:23:00,2.0,API
1738510020,2025-02-02 12:27:00,0.2800000011920929,API
1738532400,2025-02-02 18:40:00,2.130000114440918,API
1738555260,2025-02-03 01:01:00,0.270000010728836,API
1738577160,2025-02-03 07:06:00,1.8799999952316284,API
1738599120,2025-02-03 13:12:00,0.38999998569488525,API
1738621740,2025-02-03 19:29:00,1.9800000190734863,API
1738644540,2025-02-04 01:49:00,0.4399999976158142,API
1738666620,2025-02-04 07:57:00,1.7400000095367432,API
1738688880,2025-02-04 14:08:00,0.5199999809265137,API
1738711260,2025-02-04 20:21:00,1.7999999523162842,API
1738734540,2025-02-05 02:49:00,0.6200000047683716,API
1738756620,2025-02-05 08:57:00,1.600000023841858,API
1738779660,2025-02-05 15:21:00,0.6200000047683716,API
1738802040,2025-02-05 21:34:00,1.6299999952316284,API
1738825680,2025-02-06 04:08:00,0.740000009536743,API
1738847760,2025-02-06 10:16:00,1.5099999904632568,API
1738871820,2025-02-06 16:57:00,0.649999976158142,API
1738894080,2025-02-06 23:08:00,1.5399999618530273,API
1738918260,2025-02-07 05:51:00,0.75,API
1738939740,2025-02-07 11:49:00,1.5299999713897705,API
1738963860,2025-02-07 18:31:00,0.5600000023841858,API
1738986000,2025-02-08 00:40:00,1.5800000429153442,API
1739009280,2025-02-08 07:08:00,0.6600000262260437,API
1739030640,2025-02-08 13:04:00,1.649999976158142,API
1739054040,2025-02-08 19:34:00,0.41999998688697815,API
1739076420,2025-02-09 01:47:00,1.690000057220459,API
1739098920,2025-02-09 08:02:00,0.5299999713897705,API
1739120340,2025-02-09 13:59:00,1.7899999618530273,API
1739143500,2025-02-09 20:25:00,0.2800000011920929,API
1739165760,2025-02-10 02:36:00,1.8200000524520874,API
1739187720,2025-02-10 08:42:00,0.41999998688697815,API
1739209440,2025-02-10 14:44:00,1.940000057220459,API
1739232360,2025-02-10 21:06:00,0.17000000178813934,API
1739254320,2025-02-11 03:12:00,1.9299999475479126,API
1739276340,2025-02-11 09:19:00,0.33000001311302185,API
1739298060,2025-02-11 15:21:00,2.049999952316284,API
1739321040,2025-02-11 21:44:00,0.119999997317791,API
1739342940,2025-02-12 03:49:00,2.009999990463257,API
1739364900,2025-02-12 09:55:00,0.270000010728836,API
1739386620,2025-02-12 15:57:00,2.119999885559082,API
1739409360,2025-02-12 22:16:00,0.10999999940395355,API
1739431140,2025-02-13 04:19:00,2.049999952316284,API
1739452980,2025-02-13 10:23:00,0.25999999046325684,API
1739474820,2025-02-13 16:27:00,2.1500000953674316,API
1739497740,2025-02-13 22:49:00,0.15000000596046448,API
1739519460,2025-02-14 04:51:00,2.049999952316284,API
1739541180,2025-02-14 10:53:00,0.2800000011920929,API
1739563260,2025-02-14 17:01:00,2.130000114440918,API
1739585760,2025-02-14 23:16:00,0.20999999344348907,API
1739607420,2025-02-15 05:17:00,2.0199999809265137,API
1739629260,2025-02-15 11:21:00,0.33000001311302185,API
1739651520,2025-02-15 17:32:00,2.059999942779541,API
1739673960,2025-02-15 23:46:00,0.3100000023841858,API
1739695740,2025-02-16 05:49:00,1.9500000476837158,API
1739717460,2025-02-16 11:51:00,0.4000000059604645,API
1739739720,2025-02-16 18:02:00,1.9700000286102295,API
1739762040,2025-02-17 00:14:00,0.41999998688697815,API
1739784060,2025-02-17 06:21:00,1.850000023841858,API
1739805540,2025-02-17 12:19:00,0.49000000953674316,API
1739828160,2025-02-17 18:36:00,1.840000033378601,API
1739850360,2025-02-18 00:46:00,0.540000021457672,API
1739872620,2025-02-18 06:57:00,1.7400000095367432,API
1739894100,2025-02-18 12:55:00,0.5899999737739563,API
1739916840,2025-02-18 19:14:00,1.7000000476837158,API
1739938740,2025-02-19 01:19:00,0.6600000262260437,API
1739961120,2025-02-19 07:32:00,1.6100000143051147,API
1739983080,2025-02-19 13:38:00,0.699999988079071,API
1740006060,2025-02-19 20:01:00,1.5499999523162842,API
1740027960,2025-02-20 02:06:00,0.790000021457672,API
1740050700,2025-02-20 08:25:00,1.4900000095367432,API
1740073320,2025-02-20 14:42:00,0.790000021457672,API
1740096360,2025-02-20 21:06:00,1.4199999570846558,API
1740119520,2025-02-21 03:32:00,0.8899999856948853,API
1740141480,2025-02-21 09:38:00,1.399999976158142,API
1740165900,2025-02-21 16:25:00,0.8299999833106995,API
1740189060,2025-02-21 22:51:00,1.3700000047683716,API
1740212460,2025-02-22 05:21:00,0.8899999856948853,API
1740233820,2025-02-22 11:17:00,1.4199999570846558,API
1740258240,2025-02-22 18:04:00,0.740000009536743,API
1740281520,2025-02-23 00:32:00,1.4700000286102295,API
1740303720,2025-02-23 06:42:00,0.7799999713897705,API
1740325080,2025-02-23 12:38:00,1.5399999618530273,API
1740348480,2025-02-23 19:08:00,0.5799999833106995,API
1740371520,2025-02-24 01:32:00,1.6299999952316284,API
1740393360,2025-02-24 07:36:00,0.6299999952316284,API
1740414660,2025-02-24 13:31:00,1.7200000286102295,API
1740437700,2025-02-24 19:55:00,0.4099999964237213,API
1740460440,2025-02-25 02:14:00,1.8200000524520874,API
1740482160,2025-02-25 08:16:00,0.4699999988079071,API
1740503640,2025-02-25 14:14:00,1.9299999475479126,API
1740526680,2025-02-25 20:38:00,0.239999994635582,API
1740549180,2025-02-26 02:53:00,2.0,API
1740570900,2025-02-26 08:55:00,0.3199999928474426,API
1740592500,2025-02-26 14:55:00,2.130000114440918,API
1740615360,2025-02-26 21:16:00,0.0900000035762787,API
1740637620,2025-02-27 03:27:00,2.140000104904175,API
1740659520,2025-02-27 09:32:00,0.20000000298023224,API
1740681240,2025-02-27 15:34:00,2.299999952316284,API
1740704100,2025-02-27 21:55:00,-0.00999999977648258,API
1740726120,2025-02-28 04:02:00,2.240000009536743,API
1740748080,2025-02-28 10:08:00,0.10999999940395355,API
1740769920,2025-02-28 16:12:00,2.4100000858306885,API
1740792960,2025-02-28 22:36:00,-0.03999999910593033,API
1740814800,2025-03-01 04:40:00,2.2699999809265137,API
1740836760,2025-03-01 10:46:00,0.07999999821186066,API
1740858780,2025-03-01 16:53:00,2.430000066757202,API
1740881520,2025-03-01 23:12:00,0.0,API
1740903360,2025-03-02 05:16:00,2.2300000190734863,API
1740925500,2025-03-02 11:25:00,0.10999999940395355,API
1740947640,2025-03-02 17:34:00,2.359999895095825,API
1740970380,2025-03-02 23:53:00,0.12999999523162842,API
1740992340,2025-03-03 05:59:00,2.119999885559082,API
1741014240,2025-03-03 12:04:00,0.20000000298023224,API
1741036620,2025-03-03 18:17:00,2.200000047683716,API
1741059240,2025-03-04 00:34:00,0.3100000023841858,API
1741081320,2025-03-04 06:42:00,1.9700000286102295,API
1741103340,2025-03-04 12:49:00,0.3499999940395355,API
1741125960,2025-03-04 19:06:00,1.9800000190734863,API
1741148340,2025-03-05 01:19:00,0.5199999809265137,API
1741170300,2025-03-05 07:25:00,1.7799999713897705,API
1741193160,2025-03-05 13:46:00,0.5199999809265137,API
1741215720,2025-03-05 20:02:00,1.7400000095367432,API
1741238340,2025-03-06 02:19:00,0.7300000190734863,API
1741260420,2025-03-06 08:27:00,1.6100000143051147,API
1741284480,2025-03-06 15:08:00,0.6600000262260437,API
1741306980,2025-03-06 21:23:00,1.5399999618530273,API
1741330620,2025-03-07 03:57:00,0.8700000047683716,API
1741352220,2025-03-07 09:57:00,1.5,API
1741377540,2025-03-07 16:59:00,0.6899999976158142,API
1741400460,2025-03-07 23:21:00,1.4800000190734863,API
1741423860,2025-03-08 05:51:00,0.8600000143051147,API
1741445340,2025-03-08 11:49:00,1.5399999618530273,API
1741469460,2025-03-08 18:31:00,0.5899999737739563,API
1741492260,2025-03-09 00:51:00,1.5800000429153442,API
1741514640,2025-03-09 07:04:00,0.740000009536743,API
1741536120,2025-03-09 13:02:00,1.690000057220459,API
1741559220,2025-03-09 19:27:00,0.449999988079071,API
1741581960,2025-03-10 01:46:00,1.7300000190734863,API
1741603860,2025-03-10 07:51:00,0.600000023841858,API
1741625460,2025-03-10 13:51:00,1.850000023841858,API
1741648200,2025-03-10 20:10:00,0.3400000035762787,API
1741670460,2025-03-11 02:21:00,1.8700000047683716,API
1741692300,2025-03-11 08:25:00,0.479999989271164,API
1741714140,2025-03-11 14:29:00,1.9900000095367432,API
1741736940,2025-03-11 20:49:00,0.25,API
1741758780,2025-03-12 02:53:00,1.9900000095367432,API
1741780740,2025-03-12 08:59:00,0.3799999952316284,API
1741802520,2025-03-12 15:02:00,2.0999999046325684,API
1741825020,2025-03-12 21:17:00,0.20999999344348907,API
1741846860,2025-03-13 03:21:00,2.0799999237060547,API
1741868940,2025-03-13 09:29:00,0.3199999928474426,API
1741890720,2025-03-13 15:32:00,2.1700000762939453,API
1741913340,2025-03-13 21:49:00,0.20000000298023224,API
1741935060,2025-03-14 03:51:00,2.130000114440918,API
1741957020,2025-03-14 09:57:00,0.28999999165534973,API
1741978920,2025-03-14 16:02:00,2.200000047683716,API
1742001360,2025-03-14 22:16:00,0.20999999344348907,API
1742023020,2025-03-15 04:17:00,2.140000104904175,API
1742044980,2025-03-15 10:23:00,0.28999999165534973,API
1742067240,2025-03-15 16:34:00,2.180000066757202,API
1742089560,2025-03-15 22:46:00,0.25999999046325684,API
1742111340,2025-03-16 04:49:00,2.109999895095825,API
1742133060,2025-03-16 10:51:00,0.3199999928474426,API
1742155320,2025-03-16 17:02:00,2.109999895095825,API
1742177520,2025-03-16 23:12:00,0.33000001311302185,API
1742199360,2025-03-17 05:16:00,2.0399999618530273,API
1742221140,2025-03-17 11:19:00,0.3700000047683716,API
1742243640,2025-03-17 17:34:00,2.009999990463257,API
1742265600,2025-03-17 23:40:00,0.4300000071525574,API
1742287620,2025-03-18 05:47:00,1.940000057220459,API
1742309460,2025-03-18 11:51:00,0.449999988079071,API
1742331840,2025-03-18 18:04:00,1.8799999952316284,API
1742353680,2025-03-19 00:08:00,0.540000021457672,API
1742375940,2025-03-19 06:19:00,1.8200000524520874,API
1742397660,2025-03-19 12:21:00,0.540000021457672,API
1742420400,2025-03-19 18:40:00,1.7300000190734863,API
1742442120,2025-03-20 00:42:00,0.6700000166893005,API
1742464500,2025-03-20 06:55:00,1.690000057220459,API
1742486520,2025-03-20 13:02:00,0.6600000262260437,API
1742509500,2025-03-20 19:25:00,1.5700000524520874,API
1742530860,2025-03-21 01:21:00,0.8100000023841858,API
1742553480,2025-03-21 07:38:00,1.559999942779541,API
1742576460,2025-03-21 14:01:00,0.7699999809265137,API
1742599500,2025-03-21 20:25:00,1.4500000476837158,API
1742622120,2025-03-22 02:42:00,0.9399999976158142,API
1742644260,2025-03-22 08:51:00,1.4600000381469727,API
1742668920,2025-03-22 15:42:00,0.8299999833106995,API
1742692560,2025-03-22 22:16:00,1.409999966621399,API
1742715600,2025-03-23 04:40:00,0.959999978542328,API
1742736840,2025-03-23 10:34:00,1.4600000381469727,API
1742761620,2025-03-23 17:27:00,0.7699999809265137,API
1742785440,2025-03-24 00:04:00,1.5199999809265137,API
1742807400,2025-03-24 06:10:00,0.850000023841858,API
1742828640,2025-03-24 12:04:00,1.590000033378601,API
1742852400,2025-03-24 18:40:00,0.6100000143051147,API
1742875440,2025-03-25 01:04:00,1.7100000381469727,API
1742897040,2025-03-25 07:04:00,0.6899999976158142,API
1742918520,2025-03-25 13:02:00,1.809999942779541,API
1742941500,2025-03-25 19:25:00,0.41999998688697815,API
1742964420,2025-03-26 01:47:00,1.9199999570846558,API
1742986140,2025-03-26 07:49:00,0.509999990463257,API
1743007620,2025-03-26 13:47:00,2.0399999618530273,API
1743030480,2025-03-26 20:08:00,0.239999994635582,API
1743052980,2025-03-27 02:23:00,2.0999999046325684,API
1743074700,2025-03-27 08:25:00,0.33000001311302185,API
1743096540,2025-03-27 14:29:00,2.259999990463257,API
1743119460,2025-03-27 20:51:00,0.0900000035762787,API
1743141540,2025-03-28 02:59:00,2.25,API
1743163440,2025-03-28 09:04:00,0.1899999976158142,API
1743185280,2025-03-28 15:08:00,2.430000066757202,API
1743208140,2025-03-28 21:29:00,0.00999999977648258,API
1743230160,2025-03-29 03:36:00,2.3399999141693115,API
1743252360,2025-03-29 09:46:00,0.0900000035762787,API
1743274260,2025-03-29 15:51:00,2.509999990463257,API
1743296880,2025-03-29 22:08:00,-0.00999999977648258,API
1743318720,2025-03-30 04:12:00,2.359999895095825,API
1743340980,2025-03-30 10:23:00,0.05000000074505806,API
1743363120,2025-03-30 16:32:00,2.4800000190734863,API
1743385860,2025-03-30 22:51:00,0.0599999986588955,API
1743407580,2025-03-31 04:53:00,2.299999952316284,API
1743429840,2025-03-31 11:04:00,0.0900000035762787,API
1743452160,2025-03-31 17:16:00,2.359999895095825,API
1743474660,2025-03-31 23:31:00,0.20999999344348907,API
1743496320,2025-04-01 05:32:00,2.1700000762939453,API
1743518940,2025-04-01 11:49:00,0.1899999976158142,API
1743541320,2025-04-01 18:02:00,2.1600000858306885,API
1743563520,2025-04-02 00:12:00,0.4099999964237213,API
1743585420,2025-04-02 06:17:00,2.0,API
1743608160,2025-04-02 12:36:00,0.3499999940395355,API
1743630900,2025-04-02 18:55:00,1.9199999570846558,API
1743652860,2025-04-03 01:01:00,0.6200000047683716,API
1743674880,2025-04-03 07:08:00,1.8200000524520874,API
1743698400,2025-04-03 13:40:00,0.5299999713897705,API
1743721020,2025-04-03 19:57:00,1.690000057220459,API
1743743040,2025-04-04 02:04:00,0.8199999928474426,API
1743765240,2025-04-04 08:14:00,1.649999976158142,API
1743789960,2025-04-04 15:06:00,0.6600000262260437,API
1743812580,2025-04-04 21:23:00,1.5299999713897705,API
1743835620,2025-04-05 03:47:00,0.9300000071525574,API
1743857220,2025-04-05 09:47:00,1.5700000524520874,API
1743882420,2025-04-05 16:47:00,0.6899999976158142,API
1743906060,2025-04-05 23:21:00,1.5299999713897705,API
1743928260,2025-04-06 05:31:00,0.899999976158142,API
1743949860,2025-04-06 11:31:00,1.6200000047683716,API
1743973680,2025-04-06 18:08:00,0.6200000047683716,API
1743996660,2025-04-07 00:31:00,1.649999976158142,API
1744018680,2025-04-07 06:38:00,0.790000021457672,API
1744040400,2025-04-07 12:40:00,1.75,API
1744063320,2025-04-07 19:02:00,0.5299999713897705,API
1744085940,2025-04-08 01:19:00,1.7799999713897705,API
1744107660,2025-04-08 07:21:00,0.6700000166893005,API
1744129380,2025-04-08 13:23:00,1.8799999952316284,API
1744152240,2025-04-08 19:44:00,0.449999988079071,API
1744174380,2025-04-09 01:53:00,1.909999966621399,API
1744196340,2025-04-09 07:59:00,0.5600000023841858,API
1744218060,2025-04-09 14:01:00,2.0,API
1744240560,2025-04-09 20:16:00,0.3799999952316284,API
1744262460,2025-04-10 02:21:00,2.009999990463257,API
1744284420,2025-04-10 08:27:00,0.4699999988079071,API
1744306440,2025-04-10 14:34:00,2.0899999141693115,API
1744328940,2025-04-10 20:49:00,0.3400000035762787,API
1744350660,2025-04-11 02:51:00,2.0899999141693115,API
1744372740,2025-04-11 08:59:00,0.4099999964237213,API
1744394640,2025-04-11 15:04:00,2.1500000953674316,API
1744416960,2025-04-11 21:16:00,0.3199999928474426,API
1744438620,2025-04-12 03:17:00,2.140000104904175,API
1744460940,2025-04-12 09:29:00,0.36000001430511475,API
1744482960,2025-04-12 15:36:00,2.1700000762939453,API
1744505160,2025-04-12 21:46:00,0.3199999928474426,API
1744526940,2025-04-13 03:49:00,2.1500000953674316,API
1744549140,2025-04-13 09:59:00,0.3400000035762787,API
1744571160,2025-04-13 16:06:00,2.1500000953674316,API
1744593240,2025-04-13 22:14:00,0.3499999940395355,API
1744614960,2025-04-14 04:16:00,2.130000114440918,API
1744637220,2025-04-14 10:27:00,0.3499999940395355,API
1744659600,2025-04-14 16:40:00,2.0799999237060547,API
1744681440,2025-04-14 22:44:00,0.4000000059604645,API
1744703340,2025-04-15 04:49:00,2.069999933242798,API
1744725420,2025-04-15 10:57:00,0.3799999952316284,API
1744747800,2025-04-15 17:10:00,1.9900000095367432,API
1744769400,2025-04-15 23:10:00,0.479999989271164,API
1744791540,2025-04-16 05:19:00,1.9800000190734863,API
1744813860,2025-04-16 11:31:00,0.4399999976158142,API
1744836360,2025-04-16 17:46:00,1.8700000047683716,API
1744857720,2025-04-16 23:42:00,0.5799999833106995,API
1744879980,2025-04-17 05:53:00,1.8700000047683716,API
1744902240,2025-04-17 12:04:00,0.5299999713897705,API
1744924860,2025-04-17 18:21:00,1.7400000095367432,API
1744946220,2025-04-18 00:17:00,0.699999988079071,API
1744968660,2025-04-18 06:31:00,1.7599999904632568,API
1744991160,2025-04-18 12:46:00,0.6299999952316284,API
1745014080,2025-04-18 19:08:00,1.6200000047683716,API
1745035440,2025-04-19 01:04:00,0.8299999833106995,API
1745057760,2025-04-19 07:16:00,1.659999966621399,API
1745081220,2025-04-19 13:47:00,0.7300000190734863,API
1745104200,2025-04-19 20:10:00,1.5299999713897705,API
1745126580,2025-04-20 02:23:00,0.9399999976158142,API
1745148300,2025-04-20 08:25:00,1.5800000429153442,API
1745172960,2025-04-20 15:16:00,0.790000021457672,API
1745196540,2025-04-20 21:49:00,1.5099999904632568,API
1745218920,2025-04-21 04:02:00,0.959999978542328,API
1745240100,2025-04-21 09:55:00,1.590000033378601,API
1745264760,2025-04-21 16:46:00,0.740000009536743,API
1745288700,2025-04-21 23:25:00,1.6200000047683716,API
1745310300,2025-04-22 05:25:00,0.8700000047683716,API
1745331420,2025-04-22 11:17:00,1.7200000286102295,API
1745355420,2025-04-22 17:57:00,0.6100000143051147,API
1745378460,2025-04-23 00:21:00,1.7899999618530273,API
1745400180,2025-04-23 06:23:00,0.7200000286102295,API
1745421780,2025-04-23 12:23:00,1.909999966621399,API
1745445060,2025-04-23 18:51:00,0.449999988079071,API
1745467680,2025-04-24 01:08:00,1.9700000286102295,API
1745489400,2025-04-24 07:10:00,0.540000021457672,API
1745511120,2025-04-24 13:12:00,2.119999885559082,API
1745534160,2025-04-24 19:36:00,0.28999999165534973,API
1745556540,2025-04-25 01:49:00,2.140000104904175,API
1745578500,2025-04-25 07:55:00,0.3700000047683716,API
1745600340,2025-04-25 13:59:00,2.299999952316284,API
1745623140,2025-04-25 20:19:00,0.17000000178813934,API
1745645220,2025-04-26 02:27:00,2.259999990463257,API
1745667360,2025-04-26 08:36:00,0.23000000417232513,API
1745689560,2025-04-26 14:46:00,2.4200000762939453,API
1745712120,2025-04-26 21:02:00,0.10999999940395355,API
1745734080,2025-04-27 03:08:00,2.3299999237060547,API
1745756340,2025-04-27 09:19:00,0.12999999523162842,API
1745778420,2025-04-27 15:27:00,2.450000047683716,API
1745801160,2025-04-27 21:46:00,0.119999997317791,API
1745823060,2025-04-28 03:51:00,2.3399999141693115,API
1745845440,2025-04-28 10:04:00,0.0900000035762787,API
1745867640,2025-04-28 16:14:00,2.4000000953674316,API
1745890140,2025-04-28 22:29:00,0.20000000298023224,API
1745911860,2025-04-29 04:31:00,2.27999997138977,API
1745934780,2025-04-29 10:53:00,0.119999997317791,API
1745956920,2025-04-29 17:02:00,2.259999990463257,API
1745979120,2025-04-29 23:12:00,0.33000001311302185,API
1746000960,2025-04-30 05:16:00,2.1700000762939453,API
1746024240,2025-04-30 11:44:00,0.2199999988079071,API
1746046380,2025-04-30 17:53:00,2.069999933242798,API
1746068340,2025-04-30 23:59:00,0.509999990463257,API
1746090360,2025-05-01 06:06:00,2.02999997138977,API
1746113520,2025-05-01 12:32:00,0.3499999940395355,API
1746136020,2025-05-01 18:47:00,1.8799999952316284,API
1746157860,2025-05-02 00:51:00,0.6800000071525574,API
1746180120,2025-05-02 07:02:00,1.8799999952316284,API
1746203880,2025-05-02 13:38:00,0.5,API
1746226260,2025-05-02 19:51:00,1.7100000381469727,API
1746248100,2025-05-03 01:55:00,0.8299999833106995,API
1746270360,2025-05-03 08:06:00,1.7599999904632568,API
1746294660,2025-05-03 14:51:00,0.6200000047683716,API
1746317280,2025-05-03 21:08:00,1.6100000143051147,API
1746339540,2025-05-04 03:19:00,0.9100000262260437,API
1746361380,2025-05-04 09:23:00,1.7000000476837158,API
1746385680,2025-05-04 16:08:00,0.6800000071525574,API
1746408960,2025-05-04 22:36:00,1.6100000143051147,API
1746431160,2025-05-05 04:46:00,0.9100000262260437,API
1746452940,2025-05-05 10:49:00,1.7100000381469727,API
1746476460,2025-05-05 17:21:00,0.6800000071525574,API
1746499620,2025-05-05 23:47:00,1.690000057220459,API
1746521340,2025-05-06 05:49:00,0.850000023841858,API
1746543060,2025-05-06 11:51:00,1.7799999713897705,API
1746566220,2025-05-06 18:17:00,0.6399999856948853,API
1746588720,2025-05-07 00:32:00,1.7799999713897705,API
1746610680,2025-05-07 06:38:00,0.759999990463257,API
1746632640,2025-05-07 12:44:00,1.8600000143051147,API
1746655320,2025-05-07 19:02:00,0.5899999737739563,API
1746677520,2025-05-08 01:12:00,1.8799999952316284,API
1746699420,2025-05-08 07:17:00,0.6700000166893005,API
1746721260,2025-05-08 13:21:00,1.940000057220459,API
1746744120,2025-05-08 19:42:00,0.540000021457672,API
1746765960,2025-05-09 01:46:00,1.9700000286102295,API
1746788100,2025-05-09 07:55:00,0.5899999737739563,API
1746809940,2025-05-09 13:59:00,2.009999990463257,API
1746832440,2025-05-09 20:14:00,0.49000000953674316,API
1746854160,2025-05-10 02:16:00,2.0399999618530273,API
1746876540,2025-05-10 08:29:00,0.5199999809265137,API
1746898440,2025-05-10 14:34:00,2.049999952316284,API
1746920820,2025-05-10 20:47:00,0.449999988079071,API
1746942540,2025-05-11 02:49:00,2.0799999237060547,API
1746964920,2025-05-11 09:02:00,0.449999988079071,API
1746986880,2025-05-11 15:08:00,2.069999933242798,API
1747008960,2025-05-11 21:16:00,0.4399999976158142,API
1747030740,2025-05-12 03:19:00,2.0999999046325684,API
1747053360,2025-05-12 09:36:00,0.4099999964237213,API
1747075560,2025-05-12 15:46:00,2.049999952316284,API
1747097340,2025-05-12 21:49:00,0.4399999976158142,API
1747119300,2025-05-13 03:55:00,2.0899999141693115,API
1747141560,2025-05-13 10:06:00,0.38999998569488525,API
1747163820,2025-05-13 16:17:00,2.0,API
1747185540,2025-05-13 22:19:00,0.479999989271164,API
1747207500,2025-05-14 04:25:00,2.049999952316284,API
1747230120,2025-05-14 10:42:00,0.4000000059604645,API
1747252500,2025-05-14 16:55:00,1.940000057220459,API
1747273980,2025-05-14 22:53:00,0.5299999713897705,API
1747296060,2025-05-15 05:01:00,1.9900000095367432,API
1747318740,2025-05-15 11:19:00,0.4399999976158142,API
1747341060,2025-05-15 17:31:00,1.8600000143051147,API
1747362420,2025-05-15 23:27:00,0.6200000047683716,API
1747384800,2025-05-16 05:40:00,1.9199999570846558,API
1747407540,2025-05-16 11:59:00,0.5,API
1747429920,2025-05-16 18:12:00,1.7799999713897705,API
1747451280,2025-05-17 00:08:00,0.709999978542328,API
1747473540,2025-05-17 06:19:00,1.850000023841858,API
1747496640,2025-05-17 12:44:00,0.5799999833106995,API
1747519320,2025-05-17 19:02:00,1.7100000381469727,API
1747540860,2025-05-18 01:01:00,0.8100000023841858,API
1747563000,2025-05-18 07:10:00,1.7899999618530273,API
1747586640,2025-05-18 13:44:00,0.649999976158142,API
1747609260,2025-05-18 20:01:00,1.659999966621399,API
1747631280,2025-05-19 02:08:00,0.8899999856948853,API
1747653000,2025-05-19 08:10:00,1.75,API
1747676940,2025-05-19 14:49:00,0.6899999976158142,API
1747700040,2025-05-19 21:14:00,1.659999966621399,API
1747722180,2025-05-20 03:23:00,0.899999976158142,API
1747743660,2025-05-20 09:21:00,1.7699999809265137,API
1747767720,2025-05-20 16:02:00,0.6700000166893005,API
1747791060,2025-05-20 22:31:00,1.7200000286102295,API
1747813080,2025-05-21 04:38:00,0.8399999737739563,API
1747834560,2025-05-21 10:36:00,1.850000023841858,API
1747858200,2025-05-21 17:10:00,0.6100000143051147,API
1747881360,2025-05-21 23:36:00,1.840000033378601,API
1747903200,2025-05-22 05:40:00,0.7200000286102295,API
1747924680,2025-05-22 11:38:00,1.9700000286102295,API
1747948200,2025-05-22 18:10:00,0.5,API
1747970700,2025-05-23 00:25:00,1.9600000381469727,API
1747992840,2025-05-23 06:34:00,0.5799999833106995,API
1748014560,2025-05-23 12:36:00,2.0999999046325684,API
1748037840,2025-05-23 19:04:00,0.4000000059604645,API
1748060040,2025-05-24 01:14:00,2.0799999237060547,API
1748082180,2025-05-24 07:23:00,0.4300000071525574,API
1748104140,2025-05-24 13:29:00,2.2100000381469727,API
1748127180,2025-05-24 19:53:00,0.3199999928474426,API
1748149260,2025-05-25 02:01:00,2.180000066757202,API
1748171520,2025-05-25 08:12:00,0.300000011920929,API
1748193660,2025-05-25 14:21:00,2.2699999809265137,API
1748216400,2025-05-25 20:40:00,0.2800000011920929,API
1748238360,2025-05-26 02:46:00,2.2300000190734863,API
1748260920,2025-05-26 09:02:00,0.20000000298023224,API
1748283000,2025-05-26 15:10:00,2.27999997138977,API
1748305620,2025-05-26 21:27:00,0.28999999165534973,API
1748327520,2025-05-27 03:32:00,2.25,API
1748350500,2025-05-27 09:55:00,0.1599999964237213,API
1748372520,2025-05-27 16:02:00,2.2300000190734863,API
1748394840,2025-05-27 22:14:00,0.3400000035762787,API
1748416560,2025-05-28 04:16:00,2.2300000190734863,API
1748439960,2025-05-28 10:46:00,0.1599999964237213,API
1748462100,2025-05-28 16:55:00,2.140000104904175,API
1748484120,2025-05-28 23:02:00,0.4300000071525574,API
1748505960,2025-05-29 05:06:00,2.1700000762939453,API
1748529480,2025-05-29 11:38:00,0.2199999988079071,API
1748551560,2025-05-29 17:46:00,2.0199999809265137,API
1748573340,2025-05-29 23:49:00,0.540000021457672,API
1748595540,2025-05-30 05:59:00,2.0799999237060547,API
1748618820,2025-05-30 12:27:00,0.3199999928474426,API
1748641200,2025-05-30 18:40:00,1.899999976158142,API
1748662800,2025-05-31 00:40:00,0.6600000262260437,API
1748685060,2025-05-31 06:51:00,1.9800000190734863,API
1748708460,2025-05-31 13:21:00,0.449999988079071,API
1748730840,2025-05-31 19:34:00,1.7899999618530273,API
1748752260,2025-06-01 01:31:00,0.7699999809265137,API
1748774820,2025-06-01 07:47:00,1.8899999856948853,API
1748798160,2025-06-01 14:16:00,0.5699999928474426,API
1748820660,2025-06-01 20:31:00,1.7200000286102295,API
1748842560,2025-06-02 02:36:00,0.850000023841858,API
1748864760,2025-06-02 08:46:00,1.8200000524520874,API
1748888340,2025-06-02 15:19:00,0.6700000166893005,API
1748910840,2025-06-02 21:34:00,1.6799999475479126,API
1748932680,2025-06-03 03:38:00,0.8899999856948853,API
1748954820,2025-06-03 09:47:00,1.7699999809265137,API
1748978220,2025-06-03 16:17:00,0.7300000190734863,API
1749001080,2025-06-03 22:38:00,1.690000057220459,API
1749023040,2025-06-04 04:44:00,0.8899999856948853,API
1749045060,2025-06-04 10:51:00,1.7599999904632568,API
1749068340,2025-06-04 17:19:00,0.75,API
1749091080,2025-06-04 23:38:00,1.7400000095367432,API
1749112800,2025-06-05 05:40:00,0.850000023841858,API
1749134820,2025-06-05 11:47:00,1.7799999713897705,API
1749157920,2025-06-05 18:12:00,0.7200000286102295,API
1749180060,2025-06-06 00:21:00,1.7999999523162842,API
1749202320,2025-06-06 06:32:00,0.7799999713897705,API
1749224400,2025-06-06 12:40:00,1.809999942779541,API
1749247140,2025-06-06 18:59:00,0.6800000071525574,API
1749269160,2025-06-07 01:06:00,1.8600000143051147,API
1749291420,2025-06-07 07:17:00,0.699999988079071,API
1749313380,2025-06-07 13:23:00,1.8600000143051147,API
1749336120,2025-06-07 19:42:00,0.6299999952316284,API
1749357960,2025-06-08 01:46:00,1.9299999475479126,API
1749380460,2025-06-08 08:01:00,0.6100000143051147,API
1749402360,2025-06-08 14:06:00,1.899999976158142,API
1749424620,2025-06-08 20:17:00,0.5799999833106995,API
1749446220,2025-06-09 02:17:00,1.9800000190734863,API
1749469200,2025-06-09 08:40:00,0.5199999809265137,API
1749491340,2025-06-09 14:49:00,1.9299999475479126,API
1749513300,2025-06-09 20:55:00,0.540000021457672,API
1749535020,2025-06-10 02:57:00,2.009999990463257,API
1749557760,2025-06-10 09:16:00,0.449999988079071,API
1749579900,2025-06-10 15:25:00,1.940000057220459,API
1749601740,2025-06-10 21:29:00,0.5199999809265137,API
1749623640,2025-06-11 03:34:00,2.0399999618530273,API
1749646380,2025-06-11 09:53:00,0.4099999964237213,API
1749668640,2025-06-11 16:04:00,1.940000057220459,API
1749690240,2025-06-11 22:04:00,0.5199999809265137,API
1749712080,2025-06-12 04:08:00,2.0399999618530273,API
1749735060,2025-06-12 10:31:00,0.3799999952316284,API
1749757560,2025-06-12 16:46:00,1.9299999475479126,API
1749778920,2025-06-12 22:42:00,0.540000021457672,API
1749800820,2025-06-13 04:47:00,2.02999997138977,API
1749823800,2025-06-13 11:10:00,0.38999998569488525,API
1749846060,2025-06-13 17:21:00,1.909999966621399,API
1749867540,2025-06-13 23:19:00,0.5899999737739563,API
1749889740,2025-06-14 05:29:00,2.009999990463257,API
1749912780,2025-06-14 11:53:00,0.41999998688697815,API
1749935040,2025-06-14 18:04:00,1.8799999952316284,API
1749956520,2025-06-15 00:02:00,0.6399999856948853,API
1749978720,2025-06-15 06:12:00,1.9900000095367432,API
1750001760,2025-06-15 12:36:00,0.4699999988079071,API
1750024380,2025-06-15 18:53:00,1.850000023841858,API
1750045860,2025-06-16 00:51:00,0.709999978542328,API
1750068060,2025-06-16 07:01:00,1.9600000381469727,API
1750091220,2025-06-16 13:27:00,0.5299999713897705,API
1750113720,2025-06-16 19:42:00,1.809999942779541,API
1750135440,2025-06-17 01:44:00,0.759999990463257,API
1750157700,2025-06-17 07:55:00,1.940000057220459,API
1750180860,2025-06-17 14:21:00,0.5799999833106995,API
1750203600,2025-06-17 20:40:00,1.7899999618530273,API
1750225740,2025-06-18 02:49:00,0.790000021457672,API
1750247460,2025-06-18 08:51:00,1.9199999570846558,API
1750270980,2025-06-18 15:23:00,0.6100000143051147,API
1750293840,2025-06-18 21:44:00,1.7799999713897705,API
1750315980,2025-06-19 03:53:00,0.7799999713897705,API
1750337700,2025-06-19 09:55:00,1.9199999570846558,API
1750361220,2025-06-19 16:27:00,0.6100000143051147,API
1750384140,2025-06-19 22:49:00,1.809999942779541,API
1750406340,2025-06-20 04:59:00,0.7200000286102295,API
1750428060,2025-06-20 11:01:00,1.940000057220459,API
1750451760,2025-06-20 17:36:00,0.5899999737739563,API
1750474260,2025-06-20 23:51:00,1.8700000047683716,API
1750496520,2025-06-21 06:02:00,0.6200000047683716,API
1750518360,2025-06-21 12:06:00,1.9800000190734863,API
1750541880,2025-06-21 18:38:00,0.540000021457672,API
1750563960,2025-06-22 00:46:00,1.9500000476837158,API
1750586520,2025-06-22 07:02:00,0.5,API
1750608480,2025-06-22 13:08:00,2.0199999809265137,API
1750631760,2025-06-22 19:36:00,0.49000000953674316,API
1750653720,2025-06-23 01:42:00,2.02999997138977,API
1750676520,2025-06-23 08:02:00,0.3799999952316284,API
1750698600,2025-06-23 14:10:00,2.059999942779541,API
1750721220,2025-06-23 20:27:00,0.4399999976158142,API
1750743060,2025-06-24 02:31:00,2.109999895095825,API
1750766340,2025-06-24 08:59:00,0.25999999046325684,API
1750788360,2025-06-24 15:06:00,2.0999999046325684,API
1750810620,2025-06-24 21:17:00,0.4099999964237213,API
1750832460,2025-06-25 03:21:00,2.1700000762939453,API
1750855860,2025-06-25 09:51:00,0.1899999976158142,API
1750877940,2025-06-25 15:59:00,2.0999999046325684,API
1750899960,2025-06-25 22:06:00,0.4099999964237213,API
1750921680,2025-06-26 04:08:00,2.2100000381469727,API
1750945200,2025-06-26 10:40:00,0.17000000178813934,API
1750967220,2025-06-26 16:47:00,2.0799999237060547,API
1750989180,2025-06-26 22:53:00,0.4300000071525574,API
1751011020,2025-06-27 04:57:00,2.200000047683716,API
1751034420,2025-06-27 11:27:00,0.20000000298023224,API
1751056320,2025-06-27 17:32:00,2.02999997138977,API
1751078160,2025-06-27 23:36:00,0.49000000953674316,API
1751100240,2025-06-28 05:44:00,2.1600000858306885,API
1751123280,2025-06-28 12:08:00,0.2800000011920929,API
1751145420,2025-06-28 18:17:00,1.9600000381469727,API
1751166960,2025-06-29 00:16:00,0.5699999928474426,API
1751189220,2025-06-29 06:27:00,2.0899999141693115,API
1751212380,2025-06-29 12:53:00,0.4000000059604645,API
1751234520,2025-06-29 19:02:00,1.8899999856948853,API
1751255940,2025-06-30 00:59:00,0.6600000262260437,API
1751278440,2025-06-30 07:14:00,1.9900000095367432,API
1751301360,2025-06-30 13:36:00,0.5199999809265137,API
1751323440,2025-06-30 19:44:00,1.809999942779541,API
1751344800,2025-07-01 01:40:00,0.759999990463257,API
1751367540,2025-07-01 07:59:00,1.899999976158142,API
1751390220,2025-07-01 14:17:00,0.649999976158142,API
1751412660,2025-07-01 20:31:00,1.7400000095367432,API
1751434440,2025-07-02 02:34:00,0.8399999737739563,API
1751456760,2025-07-02 08:46:00,1.7999999523162842,API
1751479920,2025-07-02 15:12:00,0.75,API
1751502180,2025-07-02 21:23:00,1.6799999475479126,API
1751524260,2025-07-03 03:31:00,0.8899999856948853,API
1751546520,2025-07-03 09:42:00,1.7100000381469727,API
1751569680,2025-07-03 16:08:00,0.8100000023841858,API
1751592420,2025-07-03 22:27:00,1.659999966621399,API
1751614800,2025-07-04 04:40:00,0.899999976158142,API
1751636820,2025-07-04 10:47:00,1.659999966621399,API
1751660160,2025-07-04 17:16:00,0.8199999928474426,API
1751682660,2025-07-04 23:31:00,1.6699999570846558,API
1751705040,2025-07-05 05:44:00,0.850000023841858,API
1751727420,2025-07-05 11:57:00,1.649999976158142,API
1751750160,2025-07-05 18:16:00,0.790000021457672,API
1751772300,2025-07-06 00:25:00,1.7200000286102295,API
1751795220,2025-07-06 06:47:00,0.7699999809265137,API
1751817420,2025-07-06 12:57:00,1.690000057220459,API
1751839920,2025-07-06 19:12:00,0.7300000190734863,API
1751861640,2025-07-07 01:14:00,1.7799999713897705,API
1751884560,2025-07-07 07:36:00,0.6600000262260437,API
1751906820,2025-07-07 13:47:00,1.7400000095367432,API
1751929020,2025-07-07 19:57:00,0.6600000262260437,API
1751950740,2025-07-08 01:59:00,1.8600000143051147,API
1751973660,2025-07-08 08:21:00,0.550000011920929,API
1751996040,2025-07-08 14:34:00,1.809999942779541,API
1752017760,2025-07-08 20:36:00,0.600000023841858,API
1752039360,2025-07-09 02:36:00,1.940000057220459,API
1752062520,2025-07-09 09:02:00,0.449999988079071,API
1752084720,2025-07-09 15:12:00,1.8799999952316284,API
1752106560,2025-07-09 21:16:00,0.540000021457672,API
1752128040,2025-07-10 03:14:00,2.009999990463257,API
1752151200,2025-07-10 09:40:00,0.3700000047683716,API
1752173580,2025-07-10 15:53:00,1.9299999475479126,API
1752195180,2025-07-10 21:53:00,0.49000000953674316,API
1752216900,2025-07-11 03:55:00,2.0799999237060547,API
1752239820,2025-07-11 10:17:00,0.3100000023841858,API
1752262260,2025-07-11 16:31:00,1.9800000190734863,API
1752283740,2025-07-11 22:29:00,0.4699999988079071,API
1752305520,2025-07-12 04:32:00,2.119999885559082,API
1752328620,2025-07-12 10:57:00,0.2800000011920929,API
1752350880,2025-07-12 17:08:00,2.009999990463257,API
1752372360,2025-07-12 23:06:00,0.4699999988079071,API
1752394440,2025-07-13 05:14:00,2.1500000953674316,API
1752417360,2025-07-13 11:36:00,0.28999999165534973,API
1752439740,2025-07-13 17:49:00,2.009999990463257,API
1752461220,2025-07-13 23:47:00,0.5,API
1752483420,2025-07-14 05:57:00,2.1600000858306885,API
1752506220,2025-07-14 12:17:00,0.3199999928474426,API
1752528720,2025-07-14 18:32:00,1.9800000190734863,API
1752550140,2025-07-15 00:29:00,0.540000021457672,API
1752572400,2025-07-15 06:40:00,2.119999885559082,API
1752595320,2025-07-15 13:02:00,0.38999998569488525,API
1752617640,2025-07-15 19:14:00,1.9299999475479126,API
1752639240,2025-07-16 01:14:00,0.600000023841858,API
1752661620,2025-07-16 07:27:00,2.059999942779541,API
1752684660,2025-07-16 13:51:00,0.479999989271164,API
1752706920,2025-07-16 20:02:00,1.850000023841858,API
1752729000,2025-07-17 02:10:00,0.6700000166893005,API
1752751020,2025-07-17 08:17:00,1.9800000190734863,API
1752774360,2025-07-17 14:46:00,0.5799999833106995,API
1752796860,2025-07-17 21:01:00,1.7799999713897705,API
1752819120,2025-07-18 03:12:00,0.709999978542328,API
1752841140,2025-07-18 09:19:00,1.8799999952316284,API
1752864780,2025-07-18 15:53:00,0.6600000262260437,API
1752887280,2025-07-18 22:08:00,1.7200000286102295,API
1752910020,2025-07-19 04:27:00,0.7200000286102295,API
1752931920,2025-07-19 10:32:00,1.7999999523162842,API
1752955680,2025-07-19 17:08:00,0.699999988079071,API
1752978060,2025-07-19 23:21:00,1.7300000190734863,API
1753001160,2025-07-20 05:46:00,0.6600000262260437,API
1753023300,2025-07-20 11:55:00,1.7699999809265137,API
1753046700,2025-07-20 18:25:00,0.6800000071525574,API
1753068660,2025-07-21 00:31:00,1.7999999523162842,API
1753092120,2025-07-21 07:02:00,0.540000021457672,API
1753114080,2025-07-21 13:08:00,1.8200000524520874,API
1753137120,2025-07-21 19:32:00,0.600000023841858,API
1753158720,2025-07-22 01:32:00,1.909999966621399,API
1753182120,2025-07-22 08:02:00,0.38999998569488525,API
1753204320,2025-07-22 14:12:00,1.899999976158142,API
1753226580,2025-07-22 20:23:00,0.509999990463257,API
1753248300,2025-07-23 02:25:00,2.02999997138977,API
1753271940,2025-07-23 08:59:00,0.25999999046325684,API
1753293840,2025-07-23 15:04:00,1.9900000095367432,API
1753315920,2025-07-23 21:12:00,0.4300000071525574,API
1753337640,2025-07-24 03:14:00,2.140000104904175,API
1753361040,2025-07-24 09:44:00,0.17000000178813934,API
1753383060,2025-07-24 15:51:00,2.049999952316284,API
1753404900,2025-07-24 21:55:00,0.3799999952316284,API
1753426740,2025-07-25 03:59:00,2.22000002861023,API
1753450020,2025-07-25 10:27:00,0.14000000059604645,API
1753471920,2025-07-25 16:32:00,2.0799999237060547,API
1753493640,2025-07-25 22:34:00,0.3700000047683716,API
1753515480,2025-07-26 04:38:00,2.240000009536743,API
1753538640,2025-07-26 11:04:00,0.17000000178813934,API
1753560480,2025-07-26 17:08:00,2.069999933242798,API
1753582080,2025-07-26 23:08:00,0.4000000059604645,API
1753604220,2025-07-27 05:17:00,2.2100000381469727,API
1753627320,2025-07-27 11:42:00,0.239999994635582,API
1753649160,2025-07-27 17:46:00,2.02999997138977,API
1753670640,2025-07-27 23:44:00,0.4699999988079071,API
1753693020,2025-07-28 05:57:00,2.140000104904175,API
1753715640,2025-07-28 12:14:00,0.3499999940395355,API
1753737540,2025-07-28 18:19:00,1.9500000476837158,API
1753758960,2025-07-29 00:16:00,0.550000011920929,API
1753781460,2025-07-29 06:31:00,2.0399999618530273,API
1753804140,2025-07-29 12:49:00,0.4699999988079071,API
1753826220,2025-07-29 18:57:00,1.8700000047683716,API
1753847580,2025-07-30 00:53:00,0.649999976158142,API
1753870200,2025-07-30 07:10:00,1.909999966621399,API
1753892700,2025-07-30 13:25:00,0.600000023841858,API
1753914840,2025-07-30 19:34:00,1.7599999904632568,API
1753936320,2025-07-31 01:32:00,0.75,API
1753959180,2025-07-31 07:53:00,1.7799999713897705,API
1753981560,2025-07-31 14:06:00,0.7200000286102295,API
1754004060,2025-07-31 20:21:00,1.659999966621399,API
1754025900,2025-08-01 02:25:00,0.8299999833106995,API
1754048400,2025-08-01 08:40:00,1.6399999856948853,API
1754071260,2025-08-01 15:01:00,0.8199999928474426,API
1754093760,2025-08-01 21:16:00,1.5800000429153442,API
1754116440,2025-08-02 03:34:00,0.8899999856948853,API
1754139060,2025-08-02 09:51:00,1.5299999713897705,API
1754161920,2025-08-02 16:12:00,0.8700000047683716,API
1754184720,2025-08-02 22:32:00,1.5399999618530273,API
1754208060,2025-08-03 05:01:00,0.8700000047683716,API
1754230560,2025-08-03 11:16:00,1.4900000095367432,API
1754253600,2025-08-03 17:40:00,0.8600000143051147,API
1754275620,2025-08-03 23:47:00,1.5700000524520874,API
1754299260,2025-08-04 06:21:00,0.790000021457672,API
1754321640,2025-08-04 12:34:00,1.5399999618530273,API
1754343960,2025-08-04 18:46:00,0.800000011920929,API
1754365740,2025-08-05 00:49:00,1.649999976158142,API
1754389020,2025-08-05 07:17:00,0.6700000166893005,API
1754411520,2025-08-05 13:32:00,1.6299999952316284,API
1754433600,2025-08-05 19:40:00,0.699999988079071,API
1754455080,2025-08-06 01:38:00,1.7699999809265137,API
1754478360,2025-08-06 08:06:00,0.5299999713897705,API
1754500620,2025-08-06 14:17:00,1.75,API
1754522220,2025-08-06 20:17:00,0.5899999737739563,API
1754543820,2025-08-07 02:17:00,1.899999976158142,API
1754567160,2025-08-07 08:46:00,0.4000000059604645,API
1754589540,2025-08-07 14:59:00,1.8799999952316284,API
1754611020,2025-08-07 20:57:00,0.49000000953674316,API
1754632740,2025-08-08 02:59:00,2.0399999618530273,API
1754655660,2025-08-08 09:21:00,0.2800000011920929,API
1754677920,2025-08-08 15:32:00,1.9900000095367432,API
1754699640,2025-08-08 21:34:00,0.4000000059604645,API
1754721360,2025-08-09 03:36:00,2.1600000858306885,API
1754744340,2025-08-09 09:59:00,0.1899999976158142,API
1754766480,2025-08-09 16:08:00,2.069999933242798,API
1754788080,2025-08-09 22:08:00,0.33000001311302185,API
1754809920,2025-08-10 04:12:00,2.25,API
1754832960,2025-08-10 10:36:00,0.14000000059604645,API
1754855160,2025-08-10 16:46:00,2.119999885559082,API
1754876760,2025-08-10 22:46:00,0.300000011920929,API
1754898780,2025-08-11 04:53:00,2.299999952316284,API
1754921640,2025-08-11 11:14:00,0.14000000059604645,API
1754943660,2025-08-11 17:21:00,2.119999885559082,API
1754965380,2025-08-11 23:23:00,0.3100000023841858,API
1754987520,2025-08-12 05:32:00,2.2899999618530273,API
1755010500,2025-08-12 11:55:00,0.1899999976158142,API
1755032520,2025-08-12 18:02:00,2.069999933242798,API
1755054120,2025-08-13 00:02:00,0.36000001430511475,API
1755076440,2025-08-13 06:14:00,2.22000002861023,API
1755099240,2025-08-13 12:34:00,0.300000011920929,API
1755121560,2025-08-13 18:46:00,1.9700000286102295,API
1755143160,2025-08-14 00:46:00,0.449999988079071,API
1755165660,2025-08-14 07:01:00,2.0799999237060547,API
1755188340,2025-08-14 13:19:00,0.4399999976158142,API
1755210540,2025-08-14 19:29:00,1.840000033378601,API
1755232680,2025-08-15 01:38:00,0.5600000023841858,API
1755255300,2025-08-15 07:55:00,1.909999966621399,API
1755278040,2025-08-15 14:14:00,0.600000023841858,API
1755300300,2025-08-15 20:25:00,1.7100000381469727,API
1755323160,2025-08-16 02:46:00,0.6700000166893005,API
1755345420,2025-08-16 08:57:00,1.7300000190734863,API
1755368820,2025-08-16 15:27:00,0.740000009536743,API
1755391080,2025-08-16 21:38:00,1.6100000143051147,API
1755414960,2025-08-17 04:16:00,0.709999978542328,API
1755436980,2025-08-17 10:23:00,1.600000023841858,API
1755460860,2025-08-17 17:01:00,0.790000021457672,API
1755483000,2025-08-17 23:10:00,1.600000023841858,API
1755507180,2025-08-18 05:53:00,0.649999976158142,API
1755529320,2025-08-18 12:02:00,1.600000023841858,API
1755552540,2025-08-18 18:29:00,0.7300000190734863,API
1755574320,2025-08-19 00:32:00,1.7000000476837158,API
1755598080,2025-08-19 07:08:00,0.49000000953674316,API
1755620220,2025-08-19 13:17:00,1.7000000476837158,API
1755642720,2025-08-19 19:32:00,0.6100000143051147,API
1755664320,2025-08-20 01:32:00,1.8600000143051147,API
1755687720,2025-08-20 08:02:00,0.3400000035762787,API
1755709800,2025-08-20 14:10:00,1.840000033378601,API
1755731760,2025-08-20 20:16:00,0.49000000953674316,API
1755753540,2025-08-21 02:19:00,2.009999990463257,API
1755776940,2025-08-21 08:49:00,0.2199999988079071,API
1755798900,2025-08-21 14:55:00,1.9600000381469727,API
1755820740,2025-08-21 20:59:00,0.38999998569488525,API
1755842520,2025-08-22 03:02:00,2.140000104904175,API
1755865500,2025-08-22 09:25:00,0.14000000059604645,API
1755887460,2025-08-22 15:31:00,2.0399999618530273,API
1755909240,2025-08-22 21:34:00,0.3199999928474426,API
1755931200,2025-08-23 03:40:00,2.22000002861023,API
1755954120,2025-08-23 10:02:00,0.12999999523162842,API
1755975840,2025-08-23 16:04:00,2.0899999141693115,API
1755997560,2025-08-23 22:06:00,0.300000011920929,API
1756019520,2025-08-24 04:12:00,2.25,API
1756042560,2025-08-24 10:36:00,0.15000000596046448,API
1756064160,2025-08-24 16:36:00,2.0899999141693115,API
1756085880,2025-08-24 22:38:00,0.3199999928474426,API
1756108020,2025-08-25 04:47:00,2.22000002861023,API
1756130640,2025-08-25 11:04:00,0.2199999988079071,API
1756152360,2025-08-25 17:06:00,2.049999952316284,API
1756173960,2025-08-25 23:06:00,0.3700000047683716,API
1756196340,2025-08-26 05:19:00,2.140000104904175,API
1756218960,2025-08-26 11:36:00,0.3100000023841858,API
1756240680,2025-08-26 17:38:00,1.9800000190734863,API
1756262280,2025-08-26 23:38:00,0.4399999976158142,API
1756284780,2025-08-27 05:53:00,2.0199999809265137,API
1756307040,2025-08-27 12:04:00,0.41999998688697815,API
1756329000,2025-08-27 18:10:00,1.8799999952316284,API
1756350480,2025-08-28 00:08:00,0.5299999713897705,API
1756373100,2025-08-28 06:25:00,1.8799999952316284,API
1756395360,2025-08-28 12:36:00,0.540000021457672,API
1756417740,2025-08-28 18:49:00,1.7599999904632568,API
1756439040,2025-08-29 00:44:00,0.6299999952316284,API
1756461840,2025-08-29 07:04:00,1.7200000286102295,API
1756483800,2025-08-29 13:10:00,0.6700000166893005,API
1756506420,2025-08-29 19:27:00,1.6299999952316284,API
1756528140,2025-08-30 01:29:00,0.740000009536743,API
1756551180,2025-08-30 07:53:00,1.559999942779541,API
1756573020,2025-08-30 13:57:00,0.790000021457672,API
1756595940,2025-08-30 20:19:00,1.5099999904632568,API
1756618440,2025-08-31 02:34:00,0.8299999833106995,API
1756641540,2025-08-31 08:59:00,1.4199999570846558,API
1756664220,2025-08-31 15:17:00,0.8899999856948853,API
1756686540,2025-08-31 21:29:00,1.440000057220459,API
1756710840,2025-09-01 04:14:00,0.8600000143051147,API
1756733760,2025-09-01 10:36:00,1.3700000047683716,API
1756756860,2025-09-01 17:01:00,0.899999976158142,API
1756778760,2025-09-01 23:06:00,1.4500000476837158,API
1756803180,2025-09-02 05:53:00,0.7799999713897705,API
1756825920,2025-09-02 12:12:00,1.4500000476837158,API
1756847940,2025-09-02 18:19:00,0.8100000023841858,API
1756869780,2025-09-03 00:23:00,1.559999942779541,API
1756893420,2025-09-03 06:57:00,0.6399999856948853,API
1756915920,2025-09-03 13:12:00,1.590000033378601,API
1756937640,2025-09-03 19:14:00,0.6800000071525574,API
1756959240,2025-09-04 01:14:00,1.7200000286102295,API
1756982400,2025-09-04 07:40:00,0.479999989271164,API
1757005020,2025-09-04 13:57:00,1.75,API
1757026500,2025-09-04 19:55:00,0.540000021457672,API
1757048100,2025-09-05 01:55:00,1.909999966621399,API
1757071140,2025-09-05 08:19:00,0.3199999928474426,API
1757093460,2025-09-05 14:31:00,1.909999966621399,API
1757114940,2025-09-05 20:29:00,0.4099999964237213,API
1757136840,2025-09-06 02:34:00,2.0899999141693115,API
1757159700,2025-09-06 08:55:00,0.18000000715255737,API
1757181840,2025-09-06 15:04:00,2.049999952316284,API
1757203560,2025-09-06 21:06:00,0.2800000011920929,API
1757225400,2025-09-07 03:10:00,2.25,API
1757248260,2025-09-07 09:31:00,0.07000000029802322,API
1757270400,2025-09-07 15:40:00,2.1500000953674316,API
1757292120,2025-09-07 21:42:00,0.1899999976158142,API
1757314140,2025-09-08 03:49:00,2.359999895095825,API
1757336880,2025-09-08 10:08:00,0.019999999552965164,API
1757358840,2025-09-08 16:14:00,2.200000047683716,API
1757380620,2025-09-08 22:17:00,0.14000000059604645,API
1757402700,2025-09-09 04:25:00,2.390000104904175,API
1757425740,2025-09-09 10:49:00,0.029999999329447746,API
1757447580,2025-09-09 16:53:00,2.180000066757202,API
1757469420,2025-09-09 22:57:00,0.14000000059604645,API
1757491560,2025-09-10 05:06:00,2.3399999141693115,API
1757514300,2025-09-10 11:25:00,0.10999999940395355,API
1757536320,2025-09-10 17:32:00,2.0899999141693115,API
1757558280,2025-09-10 23:38:00,0.20999999344348907,API
1757580660,2025-09-11 05:51:00,2.200000047683716,API
1757603160,2025-09-11 12:06:00,0.25999999046325684,API
1757625240,2025-09-11 18:14:00,1.9600000381469727,API
1757647260,2025-09-12 00:21:00,0.33000001311302185,API
1757669880,2025-09-12 06:38:00,2.0,API
1757692380,2025-09-12 12:53:00,0.4399999976158142,API
1757714520,2025-09-12 19:02:00,1.7899999618530273,API
1757736960,2025-09-13 01:16:00,0.479999989271164,API
1757759760,2025-09-13 07:36:00,1.7599999904632568,API
1757782140,2025-09-13 13:49:00,0.6399999856948853,API
1757804520,2025-09-13 20:02:00,1.6299999952316284,API
1757828160,2025-09-14 02:36:00,0.6200000047683716,API
1757850420,2025-09-14 08:47:00,1.559999942779541,API
1757873820,2025-09-14 15:17:00,0.790000021457672,API
1757895780,2025-09-14 21:23:00,1.5199999809265137,API
1757920860,2025-09-15 04:21:00,0.6600000262260437,API
1757943120,2025-09-15 10:32:00,1.4700000286102295,API
1757966760,2025-09-15 17:06:00,0.8100000023841858,API
1757988720,2025-09-15 23:12:00,1.5499999523162842,API
1758013140,2025-09-16 05:59:00,0.5699999928474426,API
1758035520,2025-09-16 12:12:00,1.5399999618530273,API
1758058140,2025-09-16 18:29:00,0.699999988079071,API
1758079860,2025-09-17 00:31:00,1.690000057220459,API
1758103320,2025-09-17 07:02:00,0.41999998688697815,API
1758125640,2025-09-17 13:14:00,1.6799999475479126,API
1758147660,2025-09-17 19:21:00,0.5699999928474426,API
1758169260,2025-09-18 01:21:00,1.850000023841858,API
1758192540,2025-09-18 07:49:00,0.300000011920929,API
1758214620,2025-09-18 13:57:00,1.8200000524520874,API
1758236460,2025-09-18 20:01:00,0.4399999976158142,API
1758258120,2025-09-19 02:02:00,2.0,API
1758281220,2025-09-19 08:27:00,0.20999999344348907,API
1758302940,2025-09-19 14:29:00,1.9299999475479126,API
1758324840,2025-09-19 20:34:00,0.3499999940395355,API
1758346800,2025-09-20 02:40:00,2.109999895095825,API
1758369660,2025-09-20 09:01:00,0.1599999964237213,API
1758391260,2025-09-20 15:01:00,2.0199999809265137,API
1758413160,2025-09-20 21:06:00,0.28999999165534973,API
1758435120,2025-09-21 03:12:00,2.180000066757202,API
1758457860,2025-09-21 09:31:00,0.15000000596046448,API
1758479460,2025-09-21 15:31:00,2.059999942779541,API
1758501480,2025-09-21 21:38:00,0.25999999046325684,API
1758523560,2025-09-22 03:46:00,2.190000057220459,API
1758546060,2025-09-22 10:01:00,0.17000000178813934,API
1758567660,2025-09-22 16:01:00,2.069999933242798,API
1758589440,2025-09-22 22:04:00,0.25999999046325684,API
1758611640,2025-09-23 04:14:00,2.1500000953674316,API
1758634140,2025-09-23 10:29:00,0.2199999988079071,API
1758655740,2025-09-23 16:29:00,2.02999997138977,API
1758677520,2025-09-23 22:32:00,0.28999999165534973,API
1758700020,2025-09-24 04:47:00,2.069999933242798,API
1758722220,2025-09-24 10:57:00,0.28999999165534973,API
1758744060,2025-09-24 17:01:00,1.9600000381469727,API
1758765720,2025-09-24 23:02:00,0.3499999940395355,API
1758788220,2025-09-25 05:17:00,1.9500000476837158,API
1758810180,2025-09-25 11:23:00,0.3799999952316284,API
1758832320,2025-09-25 17:32:00,1.8600000143051147,API
1758854040,2025-09-25 23:34:00,0.41999998688697815,API
1758876780,2025-09-26 05:53:00,1.809999942779541,API
1758898380,2025-09-26 11:53:00,0.49000000953674316,API
1758920760,2025-09-26 18:06:00,1.7400000095367432,API
1758942360,2025-09-27 00:06:00,0.5199999809265137,API
1758965220,2025-09-27 06:27:00,1.649999976158142,API
1758986820,2025-09-27 12:27:00,0.6100000143051147,API
1759009620,2025-09-27 18:47:00,1.6100000143051147,API
1759031220,2025-09-28 00:47:00,0.6299999952316284,API
1759054320,2025-09-28 07:12:00,1.4900000095367432,API
1759075680,2025-09-28 13:08:00,0.740000009536743,API
1759098720,2025-09-28 19:32:00,1.4900000095367432,API
1759121220,2025-09-29 01:47:00,0.740000009536743,API
1759144440,2025-09-29 08:14:00,1.3600000143051147,API
1759166700,2025-09-29 14:25:00,0.8600000143051147,API
1759189560,2025-09-29 20:46:00,1.399999976158142,API
1759213920,2025-09-30 03:32:00,0.800000011920929,API
1759237320,2025-09-30 10:02:00,1.3200000524520874,API
1759259760,2025-09-30 16:16:00,0.8799999952316284,API
1759281780,2025-09-30 22:23:00,1.409999966621399,API
1759306200,2025-10-01 05:10:00,0.740000009536743,API
1759329840,2025-10-01 11:44:00,1.409999966621399,API
1759351560,2025-10-01 17:46:00,0.800000011920929,API
1759373040,2025-10-01 23:44:00,1.5299999713897705,API
1759396740,2025-10-02 06:19:00,0.600000023841858,API
1759419600,2025-10-02 12:40:00,1.5800000429153442,API
1759441080,2025-10-02 18:38:00,0.649999976158142,API
1759462920,2025-10-03 00:42:00,1.7200000286102295,API
1759485840,2025-10-03 07:04:00,0.4300000071525574,API
1759508460,2025-10-03 13:21:00,1.75,API
1759529940,2025-10-03 19:19:00,0.49000000953674316,API
1759551660,2025-10-04 01:21:00,1.9199999570846558,API
1759574760,2025-10-04 07:46:00,0.25999999046325684,API
1759597140,2025-10-04 13:59:00,1.9299999475479126,API
1759618740,2025-10-04 19:59:00,0.33000001311302185,API
1759640520,2025-10-05 02:02:00,2.119999885559082,API
1759663380,2025-10-05 08:23:00,0.10999999940395355,API
1759685460,2025-10-05 14:31:00,2.069999933242798,API
1759707240,2025-10-05 20:34:00,0.1899999976158142,API
1759729320,2025-10-06 02:42:00,2.27999997138977,API
1759752060,2025-10-06 09:01:00,0.0,API
1759773960,2025-10-06 15:06:00,2.1700000762939453,API
1759795920,2025-10-06 21:12:00,0.07999999821186066,API
1759817940,2025-10-07 03:19:00,2.369999885559082,API
1759840800,2025-10-07 09:40:00,-0.03999999910593033,API
1759862760,2025-10-07 15:46:00,2.200000047683716,API
1759884780,2025-10-07 21:53:00,0.019999999552965164,API
1759906920,2025-10-08 04:02:00,2.369999885559082,API
1759929540,2025-10-08 10:19:00,-0.00999999977648258,API
1759951380,2025-10-08 16:23:00,2.1600000858306885,API
1759973640,2025-10-08 22:34:00,0.029999999329447746,API
1759996020,2025-10-09 04:47:00,2.2699999809265137,API
1760018520,2025-10-09 11:02:00,0.10000000149011612,API
1760040240,2025-10-09 17:04:00,2.059999942779541,API
1760062740,2025-10-09 23:19:00,0.10999999940395355,API
1760085120,2025-10-10 05:32:00,2.0899999141693115,API
1760107560,2025-10-10 11:46:00,0.270000010728836,API
1760129580,2025-10-10 17:53:00,1.9199999570846558,API
1760152080,2025-10-11 00:08:00,0.239999994635582,API
1760174580,2025-10-11 06:23:00,1.8700000047683716,API
1760196840,2025-10-11 12:34:00,0.4699999988079071,API
1760219160,2025-10-11 18:46:00,1.75,API
1760242200,2025-10-12 01:10:00,0.4099999964237213,API
1760264700,2025-10-12 07:25:00,1.6399999856948853,API
1760286840,2025-10-12 13:34:00,0.6600000262260437,API
1760309460,2025-10-12 19:51:00,1.600000023841858,API
1760333760,2025-10-13 02:36:00,0.540000021457672,API
1760355960,2025-10-13 08:46:00,1.4700000286102295,API
1760379120,2025-10-13 15:12:00,0.7799999713897705,API
1760401020,2025-10-13 21:17:00,1.5199999809265137,API
1760426040,2025-10-14 04:14:00,0.5699999928474426,API
1760448720,2025-10-14 10:32:00,1.440000057220459,API
1760471700,2025-10-14 16:55:00,0.759999990463257,API
1760493540,2025-10-14 22:59:00,1.5700000524520874,API
1760517600,2025-10-15 05:40:00,0.509999990463257,API
1760540340,2025-10-15 11:59:00,1.5299999713897705,API
1760562240,2025-10-15 18:04:00,0.6600000262260437,API
1760583960,2025-10-16 00:06:00,1.690000057220459,API
1760607480,2025-10-16 06:38:00,0.41999998688697815,API
1760629620,2025-10-16 12:47:00,1.649999976158142,API
1760651700,2025-10-16 18:55:00,0.550000011920929,API
1760673420,2025-10-17 00:57:00,1.8200000524520874,API
1760696340,2025-10-17 07:19:00,0.3400000035762787,API
1760718420,2025-10-17 13:27:00,1.7699999809265137,API
1760740320,2025-10-17 19:32:00,0.449999988079071,API
1760762040,2025-10-18 01:34:00,1.9299999475479126,API
1760785140,2025-10-18 07:59:00,0.270000010728836,API
1760806740,2025-10-18 13:59:00,1.8700000047683716,API
1760828640,2025-10-18 20:04:00,0.36000001430511475,API
1760850600,2025-10-19 02:10:00,2.009999990463257,API
1760873340,2025-10-19 08:29:00,0.23000000417232513,API
1760894820,2025-10-19 14:27:00,1.940000057220459,API
1760916960,2025-10-19 20:36:00,0.300000011920929,API
1760939040,2025-10-20 02:44:00,2.049999952316284,API
1760961540,2025-10-20 08:59:00,0.20999999344348907,API
1760983140,2025-10-20 14:59:00,1.9800000190734863,API
1761005160,2025-10-20 21:06:00,0.25999999046325684,API
1761027240,2025-10-21 03:14:00,2.059999942779541,API
1761049620,2025-10-21 09:27:00,0.20999999344348907,API
1761071220,2025-10-21 15:27:00,1.9900000095367432,API
1761093480,2025-10-21 21:38:00,0.25,API
1761115620,2025-10-22 03:47:00,2.02999997138977,API
1761137820,2025-10-22 09:57:00,0.23000000417232513,API
1761159540,2025-10-22 15:59:00,1.9700000286102295,API
1761181560,2025-10-22 22:06:00,0.25,API
1761203820,2025-10-23 04:17:00,1.9600000381469727,API
1761225900,2025-10-23 10:25:00,0.2800000011920929,API
1761247740,2025-10-23 16:29:00,1.909999966621399,API
1761269880,2025-10-23 22:38:00,0.28999999165534973,API
1761292380,2025-10-24 04:53:00,1.8600000143051147,API
1761314100,2025-10-24 10:55:00,0.36000001430511475,API
1761336120,2025-10-24 17:02:00,1.8300000429153442,API
1761358320,2025-10-24 23:12:00,0.3400000035762787,API
1761380700,2025-10-25 05:25:00,1.7400000095367432,API
1761402180,2025-10-25 11:23:00,0.449999988079071,API
1761424680,2025-10-25 17:38:00,1.7200000286102295,API
1761446820,2025-10-25 23:47:00,0.4300000071525574,API
1761469320,2025-10-26 06:02:00,1.6100000143051147,API
1761490740,2025-10-26 11:59:00,0.5699999928474426,API
1761513360,2025-10-26 18:16:00,1.6200000047683716,API
1761535500,2025-10-27 00:25:00,0.5299999713897705,API
1761558540,2025-10-27 06:49:00,1.4900000095367432,API
1761579960,2025-10-27 12:46:00,0.6800000071525574,API
1761602520,2025-10-27 19:02:00,1.5199999809265137,API
1761625500,2025-10-28 01:25:00,0.6299999952316284,API
1761648660,2025-10-28 07:51:00,1.3899999856948853,API
1761670140,2025-10-28 13:49:00,0.790000021457672,API
1761692880,2025-10-28 20:08:00,1.4500000476837158,API
1761716760,2025-10-29 02:46:00,0.699999988079071,API
1761740040,2025-10-29 09:14:00,1.3600000143051147,API
1761762540,2025-10-29 15:29:00,0.8299999833106995,API
1761784140,2025-10-29 21:29:00,1.4600000381469727,API
1761808560,2025-10-30 04:16:00,0.6700000166893005,API
1761832020,2025-10-30 10:47:00,1.4299999475479126,API
1761854100,2025-10-30 16:55:00,0.759999990463257,API
1761875700,2025-10-30 22:55:00,1.559999942779541,API
1761899460,2025-10-31 05:31:00,0.5600000023841858,API
1761922500,2025-10-31 11:55:00,1.5700000524520874,API
1761944100,2025-10-31 17:55:00,0.6299999952316284,API
1761965700,2025-10-31 23:55:00,1.7300000190734863,API
1761988980,2025-11-01 06:23:00,0.4099999964237213,API
1762011480,2025-11-01 12:38:00,1.7300000190734863,API
1762033320,2025-11-01 18:42:00,0.4699999988079071,API
1762055040,2025-11-02 00:44:00,1.9199999570846558,API
1762078080,2025-11-02 07:08:00,0.25,API
1762100340,2025-11-02 13:19:00,1.8899999856948853,API
1762122180,2025-11-02 19:23:00,0.300000011920929,API
1762144020,2025-11-03 01:27:00,2.0899999141693115,API
1762167060,2025-11-03 07:51:00,0.119999997317791,API
1762189140,2025-11-03 13:59:00,2.0199999809265137,API
1762211040,2025-11-03 20:04:00,0.15000000596046448,API
1762233120,2025-11-04 02:12:00,2.22000002861023,API
1762255920,2025-11-04 08:32:00,0.029999999329447746,API
1762277880,2025-11-04 14:38:00,2.0999999046325684,API
1762300140,2025-11-04 20:49:00,0.03999999910593033,API
1762322340,2025-11-05 02:59:00,2.2699999809265137,API
1762344840,2025-11-05 09:14:00,0.0,API
1762366740,2025-11-05 15:19:00,2.130000114440918,API
1762389240,2025-11-05 21:34:00,-0.019999999552965164,API
1762411440,2025-11-06 03:44:00,2.25,API
1762433940,2025-11-06 09:59:00,0.03999999910593033,API
1762455720,2025-11-06 16:02:00,2.109999895095825,API
1762478340,2025-11-06 22:19:00,-0.019999999552965164,API
1762500660,2025-11-07 04:31:00,2.140000104904175,API
1762523160,2025-11-07 10:46:00,0.15000000596046448,API
1762544940,2025-11-07 16:49:00,2.0199999809265137,API
1762567920,2025-11-07 23:12:00,0.05000000074505806,API
1762589940,2025-11-08 05:19:00,1.9800000190734863,API
1762612260,2025-11-08 11:31:00,0.28999999165534973,API
1762634280,2025-11-08 17:38:00,1.909999966621399,API
1762657440,2025-11-09 00:04:00,0.17000000178813934,API
1762679760,2025-11-09 06:16:00,1.7899999618530273,API
1762701780,2025-11-09 12:23:00,0.46000000834465027,API
1762724160,2025-11-09 18:36:00,1.7799999713897705,API
1762747680,2025-11-10 01:08:00,0.3199999928474426,API
1762769820,2025-11-10 07:17:00,1.6200000047683716,API
1762791780,2025-11-10 13:23:00,0.6100000143051147,API
1762814520,2025-11-10 19:42:00,1.6699999570846558,API
1762838340,2025-11-11 02:19:00,0.4399999976158142,API
1762860540,2025-11-11 08:29:00,1.4900000095367432,API
1762883340,2025-11-11 14:49:00,0.699999988079071,API
1762905420,2025-11-11 20:57:00,1.600000023841858,API
1762929840,2025-11-12 03:44:00,0.509999990463257,API
1762952100,2025-11-12 09:55:00,1.4600000381469727,API
1762974480,2025-11-12 16:08:00,0.7200000286102295,API
1762996560,2025-11-12 22:16:00,1.600000023841858,API
1763020500,2025-11-13 04:55:00,0.5299999713897705,API
1763043120,2025-11-13 11:12:00,1.5,API
1763064960,2025-11-13 17:16:00,0.6700000166893005,API
1763086980,2025-11-13 23:23:00,1.649999976158142,API
1763110740,2025-11-14 05:59:00,0.5,API
1763132640,2025-11-14 12:04:00,1.590000033378601,API
1763154600,2025-11-14 18:10:00,0.600000023841858,API
1763176620,2025-11-15 00:17:00,1.7200000286102295,API
1763199960,2025-11-15 06:46:00,0.449999988079071,API
1763221620,2025-11-15 12:47:00,1.6699999570846558,API
1763243700,2025-11-15 18:55:00,0.5199999809265137,API
1763265660,2025-11-16 01:01:00,1.7899999618530273,API
1763288580,2025-11-16 07:23:00,0.4000000059604645,API
1763310180,2025-11-16 13:23:00,1.7599999904632568,API
1763332320,2025-11-16 19:32:00,0.4399999976158142,API
1763354280,2025-11-17 01:38:00,1.840000033378601,API
1763377140,2025-11-17 07:59:00,0.3499999940395355,API
1763398620,2025-11-17 13:57:00,1.8200000524520874,API
1763420880,2025-11-17 20:08:00,0.36000001430511475,API
1763442840,2025-11-18 02:14:00,1.8799999952316284,API
1763465460,2025-11-18 08:31:00,0.3100000023841858,API
1763486820,2025-11-18 14:27:00,1.8700000047683716,API
1763509440,2025-11-18 20:44:00,0.300000011920929,API
1763531460,2025-11-19 02:51:00,1.899999976158142,API
1763553720,2025-11-19 09:02:00,0.28999999165534973,API
1763575260,2025-11-19 15:01:00,1.8899999856948853,API
1763597760,2025-11-19 21:16:00,0.25999999046325684,API
1763619780,2025-11-20 03:23:00,1.8899999856948853,API
1763641920,2025-11-20 09:32:00,0.28999999165534973,API
1763663640,2025-11-20 15:34:00,1.8899999856948853,API
1763686140,2025-11-20 21:49:00,0.239999994635582,API
1763708460,2025-11-21 04:01:00,1.850000023841858,API
1763730240,2025-11-21 10:04:00,0.3100000023841858,API
1763751960,2025-11-21 16:06:00,1.8700000047683716,API
1763774460,2025-11-21 22:21:00,0.25,API
1763796960,2025-11-22 04:36:00,1.7899999618530273,API
1763818560,2025-11-22 10:36:00,0.3499999940395355,API
1763840640,2025-11-22 16:44:00,1.8200000524520874,API
1763863140,2025-11-22 22:59:00,0.2800000011920929,API
1763885280,2025-11-23 05:08:00,1.7200000286102295,API
1763906880,2025-11-23 11:08:00,0.41999998688697815,API
1763929140,2025-11-23 17:19:00,1.7599999904632568,API
1763951880,2025-11-23 23:38:00,0.3499999940395355,API
1763974140,2025-11-24 05:49:00,1.6399999856948853,API
1763995560,2025-11-24 11:46:00,0.509999990463257,API
1764018060,2025-11-24 18:01:00,1.690000057220459,API
1764040560,2025-11-25 00:16:00,0.4300000071525574,API
1764063240,2025-11-25 06:34:00,1.559999942779541,API
1764084660,2025-11-25 12:31:00,0.600000023841858,API
1764107160,2025-11-25 18:46:00,1.6299999952316284,API
1764130080,2025-11-26 01:08:00,0.509999990463257,API
1764152580,2025-11-26 07:23:00,1.5,API
1764174180,2025-11-26 13:23:00,0.6800000071525574,API
1764197040,2025-11-26 19:44:00,1.590000033378601,API
1764220200,2025-11-27 02:10:00,0.5699999928474426,API
1764242820,2025-11-27 08:27:00,1.4700000286102295,API
1764265320,2025-11-27 14:42:00,0.7200000286102295,API
1764287220,2025-11-27 20:47:00,1.590000033378601,API
1764310980,2025-11-28 03:23:00,0.5899999737739563,API
1764333840,2025-11-28 09:44:00,1.4900000095367432,API
1764356100,2025-11-28 15:55:00,0.699999988079071,API
1764377820,2025-11-28 21:57:00,1.6399999856948853,API
1764401520,2025-11-29 04:32:00,0.540000021457672,API
1764424500,2025-11-29 10:55:00,1.559999942779541,API
1764446520,2025-11-29 17:02:00,0.6100000143051147,API
1764468120,2025-11-29 23:02:00,1.7400000095367432,API
1764492000,2025-11-30 05:40:00,0.4399999976158142,API
1764514380,2025-11-30 11:53:00,1.6699999570846558,API
1764536340,2025-11-30 17:59:00,0.479999989271164,API
1764558120,2025-12-01 00:02:00,1.8600000143051147,API
1764581640,2025-12-01 06:34:00,0.33000001311302185,API
1764603600,2025-12-01 12:40:00,1.7899999618530273,API
1764625980,2025-12-01 18:53:00,0.33000001311302185,API
1764647940,2025-12-02 00:59:00,1.9700000286102295,API
1764671100,2025-12-02 07:25:00,0.23000000417232513,API
1764692940,2025-12-02 13:29:00,1.899999976158142,API
1764715440,2025-12-02 19:44:00,0.1899999976158142,API
1764737460,2025-12-03 01:51:00,2.059999942779541,API
1764760320,2025-12-03 08:12:00,0.15000000596046448,API
1764782040,2025-12-03 14:14:00,1.9900000095367432,API
1764804720,2025-12-03 20:32:00,0.07000000029802322,API
1764827040,2025-12-04 02:44:00,2.0999999046325684,API
1764849660,2025-12-04 09:01:00,0.119999997317791,API
1764871320,2025-12-04 15:02:00,2.0399999618530273,API
1764894180,2025-12-04 21:23:00,-0.00999999977648258,API
1764916320,2025-12-05 03:32:00,2.0899999141693115,API
1764938940,2025-12-05 09:49:00,0.12999999523162842,API
1764960660,2025-12-05 15:51:00,2.059999942779541,API
1764983760,2025-12-05 22:16:00,-0.029999999329447746,API
1765005780,2025-12-06 04:23:00,2.02999997138977,API
1765028280,2025-12-06 10:38:00,0.1899999976158142,API
1765049880,2025-12-06 16:38:00,2.02999997138977,API
1765073280,2025-12-06 23:08:00,0.00999999977648258,API
1765095240,2025-12-07 05:14:00,1.940000057220459,API
1765117380,2025-12-07 11:23:00,0.2800000011920929,API
1765139460,2025-12-07 17:31:00,1.9700000286102295,API
1765162860,2025-12-08 00:01:00,0.0900000035762787,API
1765184760,2025-12-08 06:06:00,1.8200000524520874,API
1765206720,2025-12-08 12:12:00,0.38999998569488525,API
1765228980,2025-12-08 18:23:00,1.8899999856948853,API
1765252380,2025-12-09 00:53:00,0.23000000417232513,API
1765274460,2025-12-09 07:01:00,1.7000000476837158,API
1765296120,2025-12-09 13:02:00,0.5,API
1765318620,2025-12-09 19:17:00,1.7999999523162842,API
1765342140,2025-12-10 01:49:00,0.3700000047683716,API
1765364100,2025-12-10 07:55:00,1.600000023841858,API
1765386060,2025-12-10 14:01:00,0.6100000143051147,API
1765408440,2025-12-10 20:14:00,1.7100000381469727,API
1765432020,2025-12-11 02:47:00,0.5,API
1765453980,2025-12-11 08:53:00,1.5199999809265137,API
1765476240,2025-12-11 15:04:00,0.6800000071525574,API
1765498560,2025-12-11 21:16:00,1.6399999856948853,API
1765522380,2025-12-12 03:53:00,0.5899999737739563,API
1765544340,2025-12-12 09:59:00,1.4900000095367432,API
1765566600,2025-12-12 16:10:00,0.699999988079071,API
1765588860,2025-12-12 22:21:00,1.590000033378601,API
1765612500,2025-12-13 04:55:00,0.6299999952316284,API
1765634640,2025-12-13 11:04:00,1.5,API
1765656720,2025-12-13 17:12:00,0.6899999976158142,API
1765678980,2025-12-13 23:23:00,1.590000033378601,API
1765702620,2025-12-14 05:57:00,0.6100000143051147,API
1765724460,2025-12-14 12:01:00,1.5499999523162842,API
1765746720,2025-12-14 18:12:00,0.6299999952316284,API
1765768860,2025-12-15 00:21:00,1.6200000047683716,API
1765792020,2025-12-15 06:47:00,0.5699999928474426,API
1765813560,2025-12-15 12:46:00,1.6100000143051147,API
1765836060,2025-12-15 19:01:00,0.550000011920929,API
1765947180,2025-12-17 01:53:00,1.7000000476837158,API
1765969680,2025-12-17 08:08:00,0.4399999976158142,API
1765991040,2025-12-17 14:04:00,1.75,API
1766013900,2025-12-17 20:25:00,0.3700000047683716,API
1766036040,2025-12-18 02:34:00,1.75,API
1766058360,2025-12-18 08:46:00,0.3799999952316284,API
1766079600,2025-12-18 14:40:00,1.7999999523162842,API
1766102520,2025-12-18 21:02:00,0.28999999165534973,API
1766124480,2025-12-19 03:08:00,1.7799999713897705,API
1766146740,2025-12-19 09:19:00,0.3499999940395355,API
1766168160,2025-12-19 15:16:00,1.850000023841858,API
1766191080,2025-12-19 21:38:00,0.239999994635582,API
1766213220,2025-12-20 03:47:00,1.7999999523162842,API
1766235180,2025-12-20 09:53:00,0.33000001311302185,API
1766256900,2025-12-20 15:55:00,1.8700000047683716,API
1766279520,2025-12-20 22:12:00,0.2199999988079071,API
1766301780,2025-12-21 04:23:00,1.7999999523162842,API
1766323500,2025-12-21 10:25:00,0.3400000035762787,API
1766345340,2025-12-21 16:29:00,1.8799999952316284,API
1766368140,2025-12-21 22:49:00,0.2199999988079071,API
1766390460,2025-12-22 05:01:00,1.7899999618530273,API
1766412060,2025-12-22 11:01:00,0.3700000047683716,API
1766433960,2025-12-22 17:06:00,1.8700000047683716,API
1766456700,2025-12-22 23:25:00,0.25999999046325684,API
1766478960,2025-12-23 05:36:00,1.7599999904632568,API
1766500560,2025-12-23 11:36:00,0.41999998688697815,API
1766522820,2025-12-23 17:47:00,1.850000023841858,API
1766545440,2025-12-24 00:04:00,0.3100000023841858,API
1766567760,2025-12-24 06:16:00,1.7300000190734863,API
1766589360,2025-12-24 12:16:00,0.4699999988079071,API
1766611740,2025-12-24 18:29:00,1.8200000524520874,API
1766634420,2025-12-25 00:47:00,0.3799999952316284,API
1766656860,2025-12-25 07:01:00,1.6799999475479126,API
1766678520,2025-12-25 13:02:00,0.540000021457672,API
1766700960,2025-12-25 19:16:00,1.7899999618530273,API
1766723880,2025-12-26 01:38:00,0.449999988079071,API
1766746140,2025-12-26 07:49:00,1.6299999952316284,API
1766768220,2025-12-26 13:57:00,0.600000023841858,API
1766790360,2025-12-26 20:06:00,1.75,API
1766813520,2025-12-27 02:32:00,0.509999990463257,API
1766836020,2025-12-27 08:47:00,1.5800000429153442,API
1766858520,2025-12-27 15:02:00,0.6200000047683716,API
1766880480,2025-12-27 21:08:00,1.7200000286102295,API
1766904120,2025-12-28 03:42:00,0.540000021457672,API
1766926500,2025-12-28 09:55:00,1.559999942779541,API
1766949120,2025-12-28 16:12:00,0.6100000143051147,API
1766970960,2025-12-28 22:16:00,1.7200000286102295,API
1766994660,2025-12-29 04:51:00,0.540000021457672,API
1767017160,2025-12-29 11:06:00,1.590000033378601,API
1767039660,2025-12-29 17:21:00,0.5299999713897705,API
1767061620,2025-12-29 23:27:00,1.7400000095367432,API
1767085440,2025-12-30 06:04:00,0.479999989271164,API
1767107400,2025-12-30 12:10:00,1.6699999570846558,API
1767130320,2025-12-30 18:32:00,0.4099999964237213,API
1767152280,2025-12-31 00:38:00,1.7999999523162842,API
1767175800,2025-12-31 07:10:00,0.4000000059604645,API
1767197400,2025-12-31 13:10:00,1.7699999809265137,API
1767220320,2025-12-31 19:32:00,0.270000010728836,API
1767253080,2026-01-01 04:38:00,1.899999976158142,API
1767274920,2026-01-01 10:42:00,0.2800000011920929,API
1767296760,2026-01-01 16:46:00,1.9900000095367432,API
1767319560,2026-01-01 23:06:00,0.119999997317791,API
1767341760,2026-01-02 05:16:00,1.899999976158142,API
1767363660,2026-01-02 11:21:00,0.300000011920929,API
1767385740,2026-01-02 17:29:00,2.0,API
1767408780,2026-01-02 23:53:00,0.1599999964237213,API
1767430860,2026-01-03 06:01:00,1.8700000047683716,API
1767452640,2026-01-03 12:04:00,0.3499999940395355,API
1767474840,2026-01-03 18:14:00,1.9900000095367432,API
1767497760,2026-01-04 00:36:00,0.23000000417232513,API
1767520140,2026-01-04 06:49:00,1.8200000524520874,API
1767541980,2026-01-04 12:53:00,0.41999998688697815,API
1767564120,2026-01-04 19:02:00,1.9500000476837158,API
1767587220,2026-01-05 01:27:00,0.3199999928474426,API
1767609360,2026-01-05 07:36:00,1.7400000095367432,API
1767631440,2026-01-05 13:44:00,0.5,API
1767653820,2026-01-05 19:57:00,1.8899999856948853,API
1767676980,2026-01-06 02:23:00,0.4300000071525574,API
1767699120,2026-01-06 08:32:00,1.659999966621399,API
1767721620,2026-01-06 14:47:00,0.5600000023841858,API
1767743700,2026-01-06 20:55:00,1.809999942779541,API
1767767340,2026-01-07 03:29:00,0.5199999809265137,API
1767789360,2026-01-07 09:36:00,1.590000033378601,API
1767812100,2026-01-07 15:55:00,0.5899999737739563,API
1767834120,2026-01-07 22:02:00,1.7300000190734863,API
1767858000,2026-01-08 04:40:00,0.5699999928474426,API
1767880380,2026-01-08 10:53:00,1.5800000429153442,API
1767902880,2026-01-08 17:08:00,0.5600000023841858,API
1767924960,2026-01-08 23:16:00,1.7000000476837158,API
1767949140,2026-01-09 05:59:00,0.5600000023841858,API
1767970860,2026-01-09 12:01:00,1.6200000047683716,API
1767993900,2026-01-09 18:25:00,0.479999989271164,API
1768015860,2026-01-10 00:31:00,1.7100000381469727,API
1768039440,2026-01-10 07:04:00,0.509999990463257,API
1768061040,2026-01-10 13:04:00,1.7000000476837158,API
1768084140,2026-01-10 19:29:00,0.36000001430511475,API
1768106280,2026-01-11 01:38:00,1.7699999809265137,API
1768129260,2026-01-11 08:01:00,0.41999998688697815,API
1768150740,2026-01-11 13:59:00,1.809999942779541,API
1768173900,2026-01-11 20:25:00,0.23000000417232513,API
1768196040,2026-01-12 02:34:00,1.840000033378601,API
1768218540,2026-01-12 08:49:00,0.3499999940395355,API
1768240020,2026-01-12 14:47:00,1.909999966621399,API
1768263240,2026-01-12 21:14:00,0.12999999523162842,API
1768285140,2026-01-13 03:19:00,1.899999976158142,API
1768307460,2026-01-13 09:31:00,0.28999999165534973,API
1768329060,2026-01-13 15:31:00,1.9900000095367432,API
1768352340,2026-01-13 21:59:00,0.07999999821186066,API
1768374120,2026-01-14 04:02:00,1.940000057220459,API
1768396200,2026-01-14 10:10:00,0.25999999046325684,API
1768417800,2026-01-14 16:10:00,2.0399999618530273,API
1768441080,2026-01-14 22:38:00,0.07999999821186066,API
1768462920,2026-01-15 04:42:00,1.940000057220459,API
1768484820,2026-01-15 10:47:00,0.270000010728836,API
1768506660,2026-01-15 16:51:00,2.0399999618530273,API
1768529640,2026-01-15 23:14:00,0.12999999523162842,API
1768551360,2026-01-16 05:16:00,1.9199999570846558,API
1768573140,2026-01-16 11:19:00,0.3199999928474426,API
1768595220,2026-01-16 17:27:00,2.009999990463257,API
1768618140,2026-01-16 23:49:00,0.20999999344348907,API
